1,1,1,74,4,3,5,4,4,5,5,3,5,4,3,4,5,4,4,4,4,4
2,2,1,76,6,3,4,6,4,5,6,4,4,3,4,4,3,4,5,4,3,4
3,3,1,76,4,3,4,4,4,5,4,4,5,4,3,4,5,4,6,4,5,4
4,4,1,74,4,3,4,4,5,5,4,3,4,4,3,4,6,4,5,4,4,4
5,5,1,67,3,3,3,4,4,4,3,4,3,5,3,4,4,4,5,3,4,4
6,6,1,72,4,4,4,3,4,5,4,4,4,4,3,4,5,3,5,4,5,3
7,7,1,75,5,3,4,6,4,5,4,4,4,4,3,3,4,5,5,4,4,4
8,8,1,75,4,5,4,6,4,5,3,4,4,4,3,4,4,4,5,4,4,4
9,9,1,71,4,3,5,4,4,5,4,4,4,4,3,4,4,4,5,3,3,4
10,10,1,76,4,3,4,4,5,5,4,4,4,4,3,3,4,3,6,6,4,6
11,11,1,73,4,3,4,4,4,5,3,4,4,4,3,4,6,4,5,4,4,4
12,12,1,71,3,3,4,3,4,5,4,4,4,4,3,4,4,4,5,3,6,4
13,13,1,76,4,4,4,4,4,4,5,4,4,4,4,3,5,6,5,4,4,4
14,14,1,75,4,3,4,4,4,5,4,4,4,4,5,4,4,3,5,4,6,4
15,15,1,71,4,3,3,4,3,5,4,4,4,4,3,5,5,4,5,3,4,4
16,1,2,71,6,4,4,3,4,6,4,4,4,4,3,3,4,4,4,3,3,4
17,2,2,79,5,5,6,6,4,5,3,4,4,5,3,4,4,4,5,4,4,4
18,3,2,73,3,3,4,3,4,5,4,6,4,4,3,3,6,4,5,4,4,4
19,4,2,75,4,3,3,4,6,6,3,4,3,4,3,4,5,5,5,4,4,5
20,5,2,77,4,3,4,4,4,5,5,5,4,4,3,5,4,4,5,4,6,4
21,6,2,72,4,3,3,4,4,5,4,4,4,4,3,4,4,4,5,4,5,4
22,7,2,74,4,2,4,4,4,5,6,4,4,4,3,4,5,4,5,4,4,4
23,8,2,77,5,3,4,4,4,5,4,4,3,4,4,4,4,5,7,5,4,4
24,9,2,73,4,4,3,3,4,6,4,5,5,3,3,5,4,4,5,3,4,4
25,10,2,73,3,3,5,4,4,5,4,3,6,3,3,4,4,4,5,5,4,4
26,11,2,80,4,3,4,4,4,5,6,5,4,4,5,4,6,4,5,5,4,4
27,12,2,75,5,3,5,4,6,5,4,4,4,4,3,4,4,3,5,4,4,4
28,13,2,77,4,3,6,4,4,5,4,4,4,3,5,4,4,4,5,4,4,6
29,14,2,78,5,3,3,3,4,5,6,4,6,4,5,4,4,5,5,4,4,4
30,15,2,75,4,4,4,4,4,4,4,5,4,5,3,4,6,4,5,4,3,4
31,16,3,73,4,3,6,4,4,5,4,4,4,4,3,4,4,4,4,4,4,4
32,17,3,75,4,4,4,4,4,5,4,4,4,6,3,4,4,6,4,4,3,4
33,18,3,72,4,3,4,4,4,5,4,4,4,4,3,4,6,4,4,4,3,4
34,19,3,75,5,3,6,4,4,5,4,4,4,4,3,5,4,4,5,3,4,4
35,20,3,78,4,3,4,6,3,5,5,6,4,4,3,4,4,4,5,4,4,6
36,21,3,75,5,4,4,3,4,5,4,4,4,4,4,4,3,5,4,5,5,4
37,22,3,72,3,3,5,3,4,5,5,4,4,6,3,4,3,4,4,4,4,4
38,23,3,75,3,5,4,4,4,5,4,4,4,4,3,4,4,4,6,4,5,4
39,24,3,73,3,3,4,4,4,5,4,4,4,4,3,4,4,4,6,4,4,5
40,25,3,77,3,3,4,4,5,5,4,5,4,4,4,4,4,4,6,6,4,4
41,26,3,75,4,4,4,4,3,5,4,4,4,4,4,4,6,4,6,3,4,4
42,27,3,74,4,3,6,4,4,5,4,4,4,4,3,4,4,4,5,4,4,4
43,28,3,72,4,3,4,4,4,5,5,4,3,4,3,5,4,4,5,4,4,3
44,29,3,73,3,3,4,4,4,5,4,4,4,5,3,4,5,4,5,4,4,4
45,30,3,76,5,3,4,3,5,5,4,4,4,4,3,4,4,4,5,4,6,5
46,16,4,75,4,3,4,3,4,5,4,6,4,4,3,4,4,5,5,5,4,4
47,17,4,76,5,4,4,4,4,5,4,4,4,4,4,4,4,4,5,5,4,4
48,18,4,77,4,3,3,6,4,4,6,4,6,4,3,4,4,4,5,4,5,4
49,19,4,75,5,3,4,6,4,5,4,4,4,4,3,4,4,3,5,3,6,4
50,20,4,74,4,3,4,5,4,5,4,4,4,4,3,4,4,5,5,4,4,4
51,21,4,75,4,3,4,4,6,5,4,4,5,4,3,4,4,4,4,4,4,5
52,22,4,72,4,3,4,4,4,5,4,4,4,4,5,3,4,4,5,3,4,4
53,23,4,74,5,3,5,5,3,5,3,4,4,4,3,4,4,4,5,4,6,3
54,24,4,77,4,3,4,6,4,6,5,4,4,4,3,4,4,5,5,4,4,4
55,25,4,78,4,3,4,6,4,5,4,4,4,4,3,4,6,6,5,4,4,4
56,26,4,79,4,5,4,4,4,5,4,4,4,4,4,4,4,4,5,6,6,4
57,27,4,79,4,3,4,4,6,5,4,5,3,4,3,4,6,5,5,4,4,6
58,28,4,75,5,3,4,4,4,5,4,5,5,6,3,4,4,4,4,4,3,4
59,29,4,72,4,3,4,4,4,5,3,6,4,4,3,3,4,4,5,5,4,3
60,30,4,77,4,3,4,4,4,5,4,4,4,5,5,6,4,4,5,4,4,4
61,16,5,76,4,3,4,4,4,5,4,5,4,6,3,3,4,4,6,4,5,4
62,17,5,76,4,3,5,4,4,5,4,3,4,4,3,4,4,4,7,4,6,4
63,18,5,71,4,3,3,4,4,5,4,4,5,4,3,4,4,4,4,4,4,4
64,19,5,78,4,4,4,4,6,5,3,4,6,4,4,4,5,4,5,4,4,4
65,20,5,74,4,3,4,4,4,4,4,4,4,4,3,5,4,4,5,5,4,5
66,21,5,73,4,3,4,4,4,5,4,4,3,4,3,5,4,3,5,4,5,5
67,22,5,79,6,4,5,4,6,5,4,4,6,4,3,4,4,4,5,4,4,3
68,23,5,72,3,3,6,6,4,4,4,4,4,3,3,4,4,4,4,4,4,4
69,24,5,78,6,5,5,4,4,6,4,4,4,4,3,5,4,4,4,4,4,4
70,25,5,70,5,3,3,4,3,5,4,4,4,4,3,4,4,4,4,4,3,5
71,26,5,77,5,3,4,6,5,4,4,4,5,4,3,4,4,4,5,3,6,4
72,27,5,78,4,3,4,4,4,7,4,4,4,4,3,6,6,4,5,4,4,4
73,28,5,77,4,2,5,4,6,5,6,4,4,4,3,4,4,4,6,4,4,4
74,29,5,72,4,3,4,5,5,5,3,4,4,4,2,4,4,4,5,4,4,4
75,30,5,74,4,3,4,4,4,5,4,5,4,4,3,4,4,3,6,4,6,3
76,16,6,78,5,3,4,4,4,5,6,4,5,4,5,4,3,4,5,4,4,5
77,17,6,76,4,3,5,4,5,5,4,4,4,4,3,4,4,4,5,4,4,6
78,18,6,68,3,3,3,3,4,5,5,4,3,4,3,4,3,4,4,4,4,5
79,19,6,77,4,2,5,4,6,5,6,4,4,4,2,3,4,4,6,4,4,6
80,20,6,73,4,4,4,4,4,5,4,4,4,4,3,4,4,4,5,4,4,4
81,21,6,78,4,3,4,4,3,7,6,4,4,4,3,4,4,4,5,5,6,4
82,22,6,76,4,3,4,5,5,4,4,4,4,4,3,4,5,4,7,4,4,4
83,23,6,83,4,3,4,5,4,5,4,6,4,5,3,4,6,4,7,6,4,5
84,24,6,78,4,3,4,4,4,5,6,4,4,4,4,4,4,4,6,6,4,4
85,25,6,73,4,3,4,5,4,5,4,4,4,5,3,4,4,4,5,4,3,4
86,26,6,70,4,3,4,4,4,5,4,4,3,4,3,5,3,4,5,3,4,4
87,27,6,78,4,3,4,5,4,7,6,4,4,4,3,4,4,4,5,4,5,4
88,28,6,74,3,5,3,3,5,5,4,5,4,4,3,4,5,4,4,5,4,4
89,29,6,77,3,4,5,6,5,5,4,4,3,4,3,6,4,4,5,4,4,4
90,30,6,74,4,3,5,4,4,5,4,4,4,5,3,4,3,4,5,5,4,4
91,31,7,78,4,3,4,4,5,5,4,4,4,5,3,4,4,4,7,4,4,6
92,32,7,75,4,3,4,4,4,6,4,4,5,4,3,4,4,4,5,4,4,5
93,33,7,74,4,3,4,5,4,5,6,4,4,4,3,4,4,4,5,4,4,3
94,34,7,81,5,3,5,4,4,7,4,6,4,4,3,4,4,4,6,6,4,4
95,35,7,76,4,3,4,4,4,5,4,4,4,6,3,4,4,6,5,4,4,4
96,36,7,72,4,2,3,4,4,5,4,4,4,4,3,4,4,4,5,4,4,6
97,37,7,74,4,5,4,4,4,5,5,4,4,4,3,3,3,4,6,4,4,4
98,38,7,79,5,3,4,4,4,5,3,6,4,4,3,5,4,4,5,6,6,4
99,39,7,74,4,3,4,4,4,5,6,4,4,4,5,4,4,4,4,3,4,4
100,40,7,77,4,3,4,6,4,6,4,4,4,4,2,4,4,5,6,4,4,5
101,41,7,77,4,4,4,4,4,5,5,4,4,4,3,4,5,4,5,5,5,4
102,42,7,77,4,3,4,5,4,5,4,3,4,4,5,4,6,4,5,5,4,4
103,43,7,72,4,3,4,4,4,5,4,4,4,4,3,4,3,4,5,4,5,4
104,44,7,71,4,3,4,4,6,4,4,4,4,4,3,3,4,4,4,4,4,4
105,45,7,74,4,3,4,4,4,5,4,3,4,5,3,4,5,5,5,4,4,4
106,31,8,74,4,3,4,4,4,5,4,4,4,4,3,4,6,4,5,4,4,4
107,32,8,72,4,3,6,4,4,5,4,4,4,4,3,3,4,3,5,4,4,4
108,33,8,74,5,3,4,4,4,5,4,3,4,4,3,4,4,4,5,4,6,4
109,34,8,71,4,4,4,4,4,5,3,4,4,4,2,4,3,4,6,4,4,4
110,35,8,75,3,3,4,4,4,5,4,4,4,4,4,6,4,4,4,4,4,6
111,36,8,79,4,3,5,4,4,7,6,4,4,4,3,4,4,4,5,4,6,4
112,37,8,76,4,3,5,4,4,5,4,5,4,5,3,4,3,3,6,6,4,4
113,38,8,79,6,3,5,6,4,4,4,4,4,4,3,6,4,4,6,4,4,4
114,39,8,81,5,3,4,5,6,5,4,6,4,4,3,4,4,4,5,5,4,6
115,40,8,77,6,3,5,4,4,5,5,4,4,3,3,5,4,4,5,5,4,4
116,41,8,73,4,2,4,4,4,4,3,4,4,4,5,4,4,4,7,4,4,4
117,42,8,73,5,3,4,4,4,5,4,4,4,4,3,4,4,3,6,4,4,4
118,43,8,74,4,3,5,4,4,5,4,4,3,6,3,4,4,4,5,4,4,4
119,44,8,76,4,3,4,4,5,5,5,3,4,6,3,5,4,4,5,4,4,4
120,45,8,72,4,3,3,4,5,5,4,4,4,5,3,4,4,4,5,3,4,4
121,31,9,71,3,3,4,4,3,5,4,4,3,5,4,4,4,4,5,5,3,4
122,32,9,74,4,3,5,4,4,5,5,4,4,4,3,4,4,5,5,3,4,4
123,33,9,75,5,3,4,4,3,5,4,4,4,4,5,4,5,4,5,4,4,4
124,34,9,77,6,3,4,4,4,5,4,3,4,4,3,5,4,6,5,5,4,4
125,35,9,71,4,2,4,3,4,5,4,4,4,5,3,4,4,4,5,5,4,3
126,36,9,72,4,3,4,4,4,5,4,4,4,4,3,4,4,5,5,3,4,4
127,37,9,75,4,3,4,6,4,5,4,5,4,4,3,4,4,4,5,4,4,4
128,38,9,76,5,3,4,4,4,5,4,4,4,4,5,5,4,4,5,4,4,4
129,39,9,77,3,2,4,4,4,5,4,5,4,4,5,6,4,4,4,4,6,5
130,40,9,72,4,3,4,4,4,6,4,4,4,3,4,4,4,3,5,4,4,4
131,41,9,76,3,3,6,4,4,5,4,3,4,4,3,6,4,4,7,4,4,4
132,42,9,71,4,3,4,4,4,5,3,4,3,4,3,4,4,4,5,3,6,4
133,43,9,75,4,3,4,4,4,5,5,4,5,4,3,4,4,4,5,4,5,4
134,44,9,78,4,4,4,4,4,7,6,3,4,5,3,4,4,4,5,4,4,5
135,45,9,78,4,3,4,4,4,5,6,6,4,4,3,4,4,6,5,5,4,3
136,46,10,73,4,5,2,3,5,4,6,4,4,4,4,3,4,4,4,5,4,4
137,47,10,78,6,4,3,4,5,4,5,4,4,4,5,3,4,4,4,5,6,4
138,48,10,73,4,4,4,4,4,3,5,4,4,4,4,3,5,4,4,6,3,4
139,49,10,77,4,4,3,6,6,4,4,4,4,4,4,3,4,6,4,5,4,4
140,50,10,76,4,3,3,5,4,4,5,4,4,6,4,3,4,4,6,5,4,4
141,51,10,75,4,5,3,4,4,5,5,5,4,4,4,3,4,3,4,6,4,4
142,52,10,72,4,4,3,4,4,4,4,3,5,4,4,3,5,3,4,6,3,5
143,53,10,74,4,5,3,4,4,4,7,4,4,4,4,3,3,4,4,5,4,4
144,54,10,76,3,3,3,4,4,4,5,4,5,4,6,3,4,4,4,6,5,5
145,55,10,78,5,5,3,4,5,4,7,4,4,4,6,3,4,4,3,5,4,4
146,56,10,73,4,4,3,4,4,4,5,4,6,3,5,3,3,4,4,5,4,4
147,57,10,74,5,3,3,5,4,4,5,5,4,4,4,3,4,4,4,4,4,5
148,58,10,76,4,6,3,4,4,4,4,6,4,4,4,3,4,4,3,5,4,6
149,59,10,83,4,6,3,5,4,4,5,4,4,5,4,4,6,4,6,5,4,6
150,60,10,73,4,4,3,5,4,4,6,4,4,4,4,3,4,4,4,4,4,4
151,46,11,72,4,4,3,4,4,4,5,4,4,4,5,3,3,4,4,5,4,4
152,47,11,76,4,3,3,4,4,5,6,4,4,4,4,3,5,4,4,5,6,4
153,48,11,70,4,4,3,4,4,4,5,4,3,4,4,3,4,4,4,5,4,3
154,49,11,72,5,4,3,4,4,4,5,4,4,4,3,3,4,4,4,5,4,4
155,50,11,77,4,5,4,4,4,3,5,5,4,5,4,4,4,5,4,5,4,4
156,51,11,77,6,4,3,4,4,5,5,5,4,4,4,3,6,4,4,5,4,3
157,52,11,75,4,4,3,4,4,5,5,4,4,4,5,5,4,4,4,4,3,5
158,53,11,72,4,4,4,4,5,3,5,4,4,3,4,3,4,4,4,5,4,4
159,54,11,75,4,4,3,3,5,4,4,4,4,4,4,3,5,4,5,5,6,4
160,55,11,71,4,4,3,4,4,4,5,4,4,4,4,4,3,4,4,5,4,3
161,56,11,78,4,4,3,4,4,4,6,4,4,5,4,5,4,4,4,5,4,6
162,57,11,77,4,4,3,5,6,4,5,4,4,4,4,3,5,4,4,6,4,4
163,58,11,71,5,4,3,4,4,4,4,3,4,4,4,3,4,4,4,5,4,4
164,59,11,78,4,4,4,6,4,4,5,4,4,5,4,3,4,4,4,5,4,6
165,60,11,74,5,3,5,6,4,4,5,4,4,4,4,3,3,4,4,4,4,4
166,46,12,78,5,4,3,4,4,6,5,4,6,4,4,3,5,4,4,5,4,4
167,47,12,79,4,5,4,4,4,4,5,6,6,4,4,3,4,5,4,5,4,4
168,48,12,76,6,4,3,4,4,4,5,4,5,4,4,3,4,3,6,5,4,4
169,49,12,75,4,4,3,4,5,4,5,4,5,3,4,3,4,4,4,5,6,4
170,50,12,71,3,3,3,4,4,4,5,4,4,4,4,3,4,4,4,6,4,4
171,51,12,73,4,4,3,4,3,4,5,4,4,4,4,3,4,4,6,5,3,5
172,52,12,75,3,4,3,4,4,4,5,4,5,4,6,3,5,4,4,5,4,4
173,53,12,74,4,4,3,4,4,4,6,4,5,4,4,3,4,4,4,5,5,3
174,54,12,75,4,3,3,5,4,4,5,4,4,5,4,3,4,6,4,5,4,4
175,55,12,77,4,4,3,5,4,4,5,4,4,4,5,4,4,4,5,5,5,4
176,56,12,73,4,4,4,3,4,4,5,4,4,4,4,3,4,5,4,5,4,4
177,57,12,73,4,4,4,5,4,4,5,4,4,4,4,3,4,4,3,6,4,3
178,58,12,74,5,4,3,4,3,4,5,4,4,4,4,3,4,4,4,5,6,4
179,59,12,74,4,4,3,5,4,4,5,4,4,4,4,3,3,5,4,5,5,4
180,60,12,72,4,5,3,4,4,3,5,4,4,4,5,3,4,4,4,4,4,4
181,61,13,77,4,4,3,3,4,4,5,5,4,4,4,4,4,4,4,7,6,4
182,62,13,79,4,4,3,3,4,4,5,5,4,4,6,3,4,5,6,5,5,5
183,63,13,72,3,4,3,4,4,4,5,4,4,4,4,3,4,3,5,5,4,5
184,64,13,75,4,4,3,4,4,4,5,3,4,4,4,3,4,4,6,5,4,6
185,65,13,71,4,4,3,4,3,3,5,4,4,4,4,4,4,5,4,5,4,3
186,66,13,83,4,4,4,6,4,4,5,4,6,4,4,3,4,6,5,7,4,5
187,67,13,73,4,4,3,4,4,5,5,4,3,5,4,3,4,4,4,5,4,4
188,68,13,79,3,4,4,4,4,4,5,6,5,4,3,3,4,4,6,6,6,4
189,69,13,74,4,4,3,4,4,4,5,4,4,4,4,4,4,5,4,5,3,5
190,70,13,72,4,4,3,3,4,4,5,4,3,4,4,3,6,4,4,5,4,4
191,71,13,75,3,5,3,4,3,3,6,4,3,4,4,3,4,4,6,6,4,6
192,72,13,77,4,3,3,3,5,6,5,4,4,4,4,4,6,4,4,5,5,4
193,73,13,76,4,5,3,4,4,5,5,4,4,4,4,3,4,4,4,6,4,5
194,74,13,75,4,4,4,4,4,4,4,4,4,4,4,3,4,4,4,7,4,5
195,75,13,74,4,4,3,4,4,3,5,4,6,4,4,3,4,5,4,5,3,5
196,61,14,73,4,3,3,4,5,4,5,4,6,4,4,3,3,4,3,5,4,5
197,62,14,74,3,4,4,6,4,4,5,3,4,4,6,3,4,4,4,5,4,3
198,63,14,75,5,4,3,4,4,6,4,3,6,4,4,3,4,4,4,5,4,4
199,64,14,73,6,4,3,4,4,4,5,4,4,4,4,3,3,4,4,4,4,5
200,65,14,73,4,5,3,4,4,4,5,3,5,4,4,4,4,3,4,5,4,4
201,66,14,77,4,4,3,4,4,4,5,4,6,5,4,3,4,4,4,5,4,6
202,67,14,78,4,4,3,5,6,4,5,4,4,5,4,3,4,4,4,7,4,4
203,68,14,72,4,4,3,4,3,4,5,4,6,4,4,3,4,4,3,5,4,4
204,69,14,74,5,4,3,4,4,4,5,5,4,5,4,3,4,4,3,5,4,4
205,70,14,77,4,4,3,4,5,6,5,4,4,3,4,3,6,4,4,5,4,5
206,71,14,78,4,4,3,5,6,5,5,4,4,4,4,4,4,5,4,5,4,4
207,72,14,83,4,5,4,5,5,4,5,4,6,4,4,3,6,6,4,5,4,5
208,73,14,74,4,4,3,3,6,4,5,4,5,4,6,3,4,3,4,5,3,4
209,74,14,78,4,4,3,4,4,4,5,6,4,4,4,4,4,4,5,5,4,6
210,75,14,75,4,4,3,4,4,4,5,5,4,5,4,3,4,4,4,5,4,5
211,76,15,74,5,4,3,4,4,4,6,4,4,4,4,3,4,5,4,5,3,4
212,77,15,74,4,4,3,4,4,4,5,4,4,5,4,4,4,4,4,5,4,4
213,78,15,77,4,4,3,5,4,6,4,3,6,4,4,3,4,6,4,5,4,4
214,79,15,76,4,4,3,4,4,6,5,4,6,3,4,3,4,4,5,5,4,4
215,80,15,76,5,4,3,6,4,3,5,4,4,4,4,3,4,4,4,5,6,4
216,81,15,75,4,4,3,4,4,4,5,4,6,4,4,3,5,4,4,5,4,4
217,82,15,72,3,4,3,4,4,4,5,4,4,4,4,3,4,4,4,5,5,4
218,83,15,73,5,3,3,4,3,4,5,6,4,3,4,3,4,4,5,5,4,4
219,84,15,74,4,4,3,4,5,4,5,4,4,6,4,3,4,3,5,5,3,4
220,85,15,75,4,3,3,4,4,4,5,4,5,4,4,4,3,4,4,5,5,6
221,86,15,76,4,4,2,4,3,4,6,4,4,4,4,4,4,4,6,5,6,4
222,87,15,77,4,4,5,6,4,4,5,4,4,5,4,3,4,4,4,5,4,4
223,88,15,77,4,4,3,6,4,4,5,4,4,4,5,3,6,4,4,5,4,4
224,89,15,73,4,4,3,4,4,6,5,4,4,4,3,3,4,4,4,5,4,4
225,90,15,76,4,5,3,3,4,4,5,6,4,3,5,5,4,3,5,5,4,4
226,76,16,71,4,4,3,5,4,4,4,4,4,4,4,3,4,4,4,5,4,3
227,77,16,74,4,4,3,4,5,4,4,4,4,4,6,2,6,4,4,5,3,4
228,78,16,73,4,4,3,4,4,4,5,4,4,5,4,3,4,4,5,5,4,3
229,79,16,75,5,4,3,4,4,4,5,4,4,4,4,3,6,4,4,5,4,4
230,80,16,84,4,6,5,4,6,5,5,4,6,4,6,4,4,4,4,6,4,3
231,81,16,74,4,5,3,3,4,4,5,4,4,5,4,3,3,5,5,4,4,5
232,82,16,71,4,4,3,4,3,5,5,4,3,4,4,3,4,4,4,5,4,4
233,83,16,77,4,4,5,6,4,4,5,4,4,4,3,3,6,4,4,5,4,4
234,84,16,80,4,6,3,6,4,4,7,4,4,4,4,3,4,4,6,5,4,4
235,85,16,71,4,4,3,4,4,3,5,4,3,4,4,4,4,4,4,5,3,5
236,86,16,76,6,4,3,4,4,5,4,4,3,4,4,3,4,5,4,5,6,4
237,87,16,73,4,4,3,4,4,4,5,4,4,4,4,3,4,4,4,5,5,4
238,88,16,77,4,6,4,4,4,4,5,4,4,4,4,3,3,5,5,5,5,4
239,89,16,80,5,4,3,4,6,4,5,5,4,4,4,3,4,3,6,6,6,4
240,90,16,74,5,3,3,3,4,4,5,6,4,4,4,4,4,4,4,5,4,4
241,76,17,72,4,4,3,4,4,4,6,4,4,4,4,2,4,4,4,5,4,4
242,77,17,70,3,4,3,5,4,4,5,4,4,3,3,4,4,4,3,4,5,4
243,78,17,82,6,4,3,4,4,4,5,5,4,5,4,3,4,5,4,7,5,6
244,79,17,75,4,4,3,4,4,4,5,4,4,5,4,3,6,4,4,5,4,4
245,80,17,76,5,4,4,4,4,4,5,4,4,6,3,3,6,4,4,5,3,4
246,81,17,83,5,5,5,4,3,6,6,5,6,5,4,3,5,4,4,5,4,4
247,82,17,75,3,4,4,4,5,4,5,4,4,4,4,4,4,4,5,5,4,4
248,83,17,74,4,6,3,5,3,4,4,4,4,3,4,5,4,5,4,4,4,4
249,84,17,74,4,4,3,4,4,4,4,4,5,5,4,3,4,4,5,5,4,4
250,85,17,81,4,6,3,5,6,4,6,5,4,4,4,3,4,6,3,5,5,4
251,86,17,75,4,4,3,4,4,4,5,4,4,4,4,4,5,4,4,5,5,4
252,87,17,71,4,4,3,5,4,4,5,3,4,4,3,3,4,4,3,5,4,5
253,88,17,78,6,4,4,4,4,5,7,4,4,4,4,3,4,4,4,4,3,6
254,89,17,79,6,4,3,4,4,4,4,4,4,4,6,4,4,4,6,5,4,5
255,90,17,73,4,5,3,4,3,4,5,4,4,5,4,3,4,4,4,5,4,4
256,76,18,77,4,4,4,4,4,4,5,4,4,4,4,3,4,4,6,5,6,4
257,77,18,72,4,4,3,4,4,3,5,6,4,4,3,3,4,4,3,4,4,6
258,78,18,79,4,6,3,6,4,4,5,4,4,4,5,4,5,4,4,5,4,4
259,79,18,83,5,5,5,4,3,4,4,4,4,6,4,4,6,4,4,5,6,6
260,80,18,74,4,6,3,4,4,4,5,4,4,3,4,3,4,4,4,5,5,4
261,81,18,78,4,5,3,4,6,4,5,4,4,6,4,3,6,4,3,5,4,4
262,82,18,79,4,4,3,5,4,5,5,5,4,4,6,4,4,4,4,5,4,5
263,83,18,71,3,4,3,4,4,4,5,4,4,4,4,3,4,4,4,5,4,4
264,84,18,75,4,4,4,4,4,5,5,4,4,4,4,3,4,4,5,4,4,5
265,85,18,76,5,6,3,4,5,4,5,4,4,4,4,3,4,4,4,5,4,4
266,86,18,77,4,5,3,4,4,5,5,4,4,4,5,3,5,5,4,4,4,5
267,87,18,75,4,4,3,4,5,4,5,4,4,4,6,3,4,3,4,5,4,5
268,88,18,76,4,4,3,4,4,5,5,5,4,4,4,3,4,4,4,5,6,4
269,89,18,76,4,4,4,5,4,5,5,4,4,4,4,3,4,5,4,6,3,4
270,90,18,74,4,6,4,3,3,4,5,4,4,4,4,4,4,4,4,5,4,4
271,91,19,79,4,5,4,5,6,4,4,4,5,5,4,4,5,4,5,4,3,4
272,92,19,70,4,4,4,4,4,4,4,4,4,4,4,4,4,3,4,4,3,4
273,93,19,78,4,4,3,5,5,5,4,4,4,4,6,4,6,4,4,6,3,3
274,94,19,74,4,4,4,4,5,4,4,4,3,4,4,4,5,3,5,4,3,6
275,95,19,76,4,5,4,4,5,4,4,5,3,4,3,4,4,4,6,4,3,6
276,96,19,76,6,3,5,4,5,4,4,4,3,4,4,4,5,4,5,5,3,4
277,97,19,76,4,4,4,4,6,4,4,4,5,5,4,4,5,4,4,4,3,4
278,98,19,75,4,4,4,4,5,6,4,3,3,4,4,6,5,4,4,4,3,4
279,99,19,70,4,6,4,4,4,4,4,4,3,3,4,4,5,3,4,4,2,4
280,100,19,76,4,4,4,6,5,6,4,4,3,4,4,4,5,4,4,4,3,4
281,101,19,78,4,4,4,4,6,4,4,6,3,4,4,4,5,5,5,4,3,5
282,102,19,70,5,3,4,4,5,4,4,4,3,4,4,3,5,4,3,4,3,4
283,103,19,73,6,4,4,4,5,4,4,3,3,4,3,6,4,4,4,4,3,4
284,104,19,75,3,6,4,4,6,4,4,4,3,4,4,4,5,4,4,4,3,5
285,105,19,79,6,4,5,4,5,4,4,4,3,6,4,4,5,6,4,4,3,4
286,91,20,79,4,4,6,4,5,4,6,6,4,4,4,3,5,4,4,4,4,4
287,92,20,76,3,4,4,4,5,4,6,4,2,4,4,6,5,4,4,4,3,6
288,93,20,72,4,4,4,4,5,4,4,4,3,4,5,4,5,3,4,4,3,4
289,94,20,76,5,4,4,4,5,4,4,6,5,4,3,4,5,4,4,4,3,4
290,95,20,74,5,4,4,5,5,4,5,4,3,4,4,3,5,4,5,3,3,4
291,96,20,79,4,5,4,4,7,4,6,4,5,4,4,4,5,4,5,3,3,4
292,97,20,77,4,6,5,4,5,4,4,4,2,4,5,4,5,6,4,4,3,4
293,98,20,74,4,4,4,4,5,4,3,4,3,4,4,4,5,4,4,4,4,6
294,99,20,74,5,4,4,3,5,4,4,3,3,4,6,3,5,3,6,4,4,4
295,100,20,77,6,4,4,6,5,4,3,4,4,4,4,4,5,4,5,4,3,4
296,101,20,76,5,4,5,4,5,4,4,4,3,5,4,5,5,4,4,4,3,4
297,102,20,75,4,4,4,4,5,4,4,4,3,4,5,4,6,4,4,4,4,4
298,103,20,77,4,6,4,4,7,4,4,4,3,4,4,4,5,5,4,4,3,4
299,104,20,76,3,4,4,4,7,4,4,5,3,4,4,4,5,4,4,4,5,4
300,105,20,77,6,4,4,4,5,4,4,4,3,4,4,5,5,5,4,4,4,4
301,91,21,71,4,4,4,4,4,4,4,3,3,4,4,4,5,4,4,6,3,3
302,92,21,73,4,4,4,4,5,4,4,3,3,5,4,4,5,4,4,4,4,4
303,93,21,78,4,4,4,4,5,4,5,3,4,4,5,5,5,6,4,5,3,4
304,94,21,78,4,4,4,4,6,4,4,4,3,6,4,4,5,4,6,4,4,4
305,95,21,79,5,4,6,4,5,5,4,4,3,4,4,3,5,6,4,4,5,4
306,96,21,70,4,4,5,4,6,4,4,4,3,4,3,3,5,3,3,4,3,4
307,97,21,74,4,4,4,4,5,4,4,4,3,4,5,5,5,4,4,4,3,4
308,98,21,73,4,4,4,4,5,4,4,4,3,4,4,4,5,4,4,4,3,5
309,99,21,80,6,4,4,4,5,3,5,4,3,4,4,4,5,6,4,6,5,4
310,100,21,72,4,3,4,3,5,4,4,5,4,4,4,4,5,4,4,4,3,4
311,101,21,76,4,4,4,4,5,4,4,4,4,4,4,4,6,4,6,4,3,4
312,102,21,74,4,5,5,4,5,4,4,3,3,4,5,4,5,4,4,4,3,4
313,103,21,71,4,4,4,4,4,4,4,4,3,4,4,4,5,4,4,3,4,4
314,104,21,77,4,4,4,4,6,4,4,4,3,5,4,4,5,4,4,6,4,4
315,105,21,74,5,4,4,4,5,4,4,3,4,4,4,3,4,4,4,4,4,6
316,91,22,72,5,4,3,3,6,4,3,5,3,3,5,4,5,4,4,4,3,4
317,92,22,77,4,4,6,4,5,4,4,4,4,4,4,4,5,4,6,4,3,4
318,93,22,74,4,5,4,4,6,4,5,5,3,3,4,4,5,4,4,4,3,3
319,94,22,71,4,5,4,4,5,3,4,4,3,4,4,4,4,4,4,4,3,4
320,95,22,75,4,4,4,4,5,4,4,4,3,4,4,4,5,4,5,4,5,4
321,96,22,76,4,4,4,4,7,4,4,4,3,5,3,4,5,5,4,3,3,6
322,97,22,70,4,4,4,3,6,4,4,4,3,4,4,4,5,3,4,4,3,3
323,98,22,74,5,5,4,4,5,4,4,4,3,4,4,5,4,4,4,4,3,4
324,99,22,73,4,4,4,4,5,4,4,4,3,6,3,4,5,4,4,4,3,4
325,100,22,71,4,3,4,4,4,4,3,4,3,4,4,3,6,4,4,5,4,4
326,101,22,75,4,4,4,6,4,4,3,6,4,4,4,4,5,4,4,3,3,5
327,102,22,75,4,5,6,4,5,3,4,4,3,4,4,4,5,4,4,4,4,4
328,103,22,70,4,4,4,3,6,3,4,3,3,3,4,6,5,3,4,4,3,4
329,104,22,76,4,4,4,6,6,4,4,4,3,4,4,4,5,4,5,4,3,4
330,105,22,75,4,4,5,4,5,4,4,4,3,4,4,4,5,4,4,6,3,4
331,106,23,74,4,4,4,4,4,4,5,4,2,4,5,4,4,4,6,4,4,4
332,107,23,76,4,4,4,5,4,4,3,6,3,4,4,5,6,6,3,4,3,4
333,108,23,75,4,4,4,5,5,4,5,4,3,4,5,3,5,4,4,4,4,4
334,109,23,76,3,6,4,4,7,4,4,5,3,4,4,4,5,4,4,4,3,4
335,110,23,74,4,4,6,5,5,4,4,4,3,4,4,4,5,4,4,4,3,3
336,111,23,74,4,4,4,4,4,4,4,4,3,4,6,4,5,4,5,4,3,4
337,112,23,72,4,4,4,4,5,3,4,3,3,4,4,3,4,6,4,4,3,6
338,113,23,75,4,6,4,5,5,4,4,4,4,4,4,4,5,4,4,4,2,4
339,114,23,75,4,4,4,4,5,4,5,4,3,4,4,4,5,4,5,4,3,5
340,115,23,71,4,4,4,5,4,4,3,6,4,3,4,4,4,4,4,4,3,3
341,116,23,75,4,4,4,4,5,4,5,5,3,4,4,4,6,5,4,3,3,4
342,117,23,79,4,5,5,4,5,5,4,6,3,4,4,4,6,4,4,3,4,5
343,118,23,74,4,6,4,4,5,4,4,4,3,4,4,4,5,4,4,4,3,4
344,119,23,81,6,4,4,4,5,4,5,6,4,5,4,6,5,4,4,4,3,4
345,120,23,74,4,5,4,4,5,4,3,4,3,4,6,4,5,4,5,3,3,4
346,106,24,75,4,4,5,3,4,4,4,4,3,5,5,6,5,4,4,3,3,5
347,107,24,77,4,4,4,4,5,4,3,4,3,4,4,4,5,6,4,5,5,5
348,108,24,73,4,4,4,3,5,4,3,4,3,5,4,5,6,4,3,5,3,4
349,109,24,72,4,4,5,4,4,3,4,4,3,4,4,4,5,4,4,3,4,5
350,110,24,76,4,5,4,4,5,4,4,5,3,5,5,3,5,4,4,4,4,4
351,111,24,74,4,5,4,4,5,6,4,4,3,3,4,4,5,4,3,4,3,5
352,112,24,73,4,4,3,4,6,4,4,4,3,4,4,4,6,4,4,4,3,4
353,113,24,77,5,4,4,4,5,4,4,4,3,5,5,4,5,4,6,4,3,4
354,114,24,77,4,4,4,4,5,6,4,4,3,4,4,5,5,4,5,4,4,4
355,115,24,75,4,4,4,4,5,4,4,4,3,4,4,4,5,4,4,5,5,4
356,116,24,71,4,4,4,4,4,4,4,4,3,4,4,4,5,4,4,4,3,4
357,117,24,70,4,4,4,4,5,4,4,3,3,5,4,4,5,4,4,3,3,3
358,118,24,76,4,4,4,4,5,3,6,4,5,4,4,4,5,4,4,4,3,5
359,119,24,75,4,4,5,4,5,6,4,4,3,3,4,4,6,4,4,4,3,4
360,120,24,79,4,4,3,4,6,5,4,6,4,6,4,4,4,4,5,5,3,4
361,106,25,72,3,4,4,4,5,4,4,4,3,5,4,4,5,4,4,4,3,4
362,107,25,72,4,4,4,3,5,4,4,4,3,4,4,5,5,4,4,4,3,4
363,108,25,75,4,4,4,4,5,3,4,4,3,6,5,4,5,4,4,4,3,5
364,109,25,69,4,4,4,4,5,4,3,4,3,3,4,4,5,4,4,3,3,4
365,110,25,71,4,4,4,4,5,4,4,4,4,4,4,4,5,3,4,3,3,4
366,111,25,73,3,4,4,4,4,4,5,4,3,4,4,4,5,6,4,4,3,4
367,112,25,80,4,4,4,4,6,4,5,4,3,4,4,6,5,6,4,4,3,6
368,113,25,77,4,5,4,4,5,4,6,5,3,4,4,4,6,4,4,4,3,4
369,114,25,82,4,6,4,4,5,4,4,4,5,4,4,5,6,4,4,4,5,6
370,115,25,79,4,4,4,4,5,6,4,4,5,4,4,5,5,4,4,4,4,5
371,116,25,77,4,4,3,4,5,5,5,6,3,4,4,5,5,5,4,4,3,4
372,117,25,73,4,4,4,4,5,4,4,4,3,4,4,4,5,3,4,4,5,4
373,118,25,80,4,4,4,4,6,4,4,4,4,4,6,6,5,5,4,4,4,4
374,119,25,77,5,4,4,6,4,3,6,6,3,4,4,4,5,4,4,4,3,4
375,120,25,72,4,4,4,4,5,3,5,3,4,4,4,4,6,4,4,4,3,3
376,121,26,74,4,4,6,4,5,4,4,4,3,4,4,4,5,4,4,4,3,4
377,122,26,76,4,4,4,4,5,4,4,5,3,4,6,4,5,4,4,5,3,4
378,123,26,75,4,4,4,4,5,4,4,5,3,4,4,4,6,4,4,4,4,4
379,124,26,73,4,4,4,4,5,4,4,4,3,4,4,4,4,5,4,5,3,4
380,125,26,76,4,4,4,4,6,4,4,5,3,5,4,4,5,5,4,4,3,4
381,126,26,73,4,4,4,5,5,4,5,4,3,4,4,4,5,4,4,4,3,3
382,127,26,75,4,4,4,6,4,6,4,4,3,4,4,4,5,4,4,4,3,4
383,128,26,70,3,4,4,4,5,4,4,4,3,6,4,4,4,3,4,3,3,4
384,129,26,77,4,4,4,5,5,5,4,4,3,4,3,4,5,4,6,6,3,4
385,130,26,77,4,4,4,6,5,4,4,5,3,4,4,4,7,4,4,4,3,4
386,131,26,76,4,4,4,4,5,4,4,4,4,5,4,4,4,4,4,5,3,6
387,132,26,78,4,4,6,5,4,5,4,3,4,4,4,3,6,5,6,4,3,4
388,133,26,78,4,5,4,3,7,4,5,4,3,4,5,4,5,4,4,4,5,4
389,134,26,76,6,5,4,4,5,4,4,4,3,5,4,4,5,4,4,4,3,4
390,135,26,74,4,4,4,4,5,6,4,4,3,3,5,4,5,4,4,4,3,4
391,121,27,76,4,4,6,3,5,4,4,3,5,5,4,4,5,4,4,5,3,4
392,122,27,74,4,4,4,5,5,4,4,4,3,4,5,4,5,4,4,4,3,4
393,123,27,73,4,4,4,4,5,4,4,4,4,4,4,4,5,4,4,4,3,4
394,124,27,78,4,4,6,5,5,4,4,5,4,3,5,4,4,4,5,4,4,4
395,125,27,74,3,4,4,4,4,4,4,4,3,6,4,6,5,4,4,4,3,4
396,126,27,75,3,5,4,4,5,4,4,4,5,5,4,4,5,4,4,4,3,4
397,127,27,72,4,3,4,3,5,4,6,4,3,4,4,4,5,4,4,4,3,4
398,128,27,77,4,5,4,4,4,4,4,6,3,3,4,4,7,6,4,4,3,4
399,129,27,79,5,4,4,5,5,5,4,4,3,6,4,4,5,4,6,4,3,4
400,130,27,78,4,6,4,4,5,4,4,5,3,4,4,4,5,6,4,4,3,5
401,131,27,73,4,4,4,5,5,3,3,4,3,4,4,6,5,4,4,4,3,4
402,132,27,70,3,4,4,4,5,4,4,4,3,4,5,4,4,4,3,3,4,4
403,133,27,71,6,5,3,3,5,4,3,4,3,4,4,4,5,4,3,4,3,4
404,134,27,85,5,4,4,6,5,4,4,6,5,5,3,5,5,6,4,6,4,4
405,135,27,76,4,4,3,5,5,4,4,6,5,4,5,4,5,3,4,5,3,3
406,136,28,73,4,3,4,4,3,5,5,4,4,4,4,4,4,3,4,4,6,4
407,137,28,74,4,6,6,4,2,5,5,4,3,5,3,3,4,3,5,4,4,4
408,138,28,72,4,4,4,4,3,4,5,4,4,5,4,4,4,4,4,3,4,4
409,139,28,75,4,6,3,4,3,4,5,4,4,5,6,4,4,3,4,4,4,4
410,140,28,73,4,4,4,4,3,4,5,4,4,5,4,4,4,4,4,3,4,5
411,141,28,80,4,4,4,5,4,4,5,6,6,5,4,5,4,2,6,4,4,4
412,142,28,71,6,3,4,4,3,3,5,3,4,5,5,4,4,3,4,3,4,4
413,143,28,73,3,4,5,4,3,5,5,6,4,5,4,4,3,3,4,4,3,4
414,144,28,76,4,4,4,4,3,6,6,4,4,5,4,4,4,3,4,6,3,4
415,145,28,77,3,4,5,4,3,4,5,4,4,5,4,6,6,4,4,4,4,4
416,146,28,75,4,4,4,4,3,4,6,4,4,7,3,4,5,3,4,4,4,4
417,147,28,77,4,4,4,4,3,6,4,4,4,5,4,5,4,3,6,4,4,5
418,148,28,72,4,4,4,3,3,4,6,4,3,5,3,5,4,4,4,4,4,4
419,149,28,75,4,4,4,4,4,4,5,4,4,5,6,4,4,3,4,4,4,4
420,150,28,73,4,4,3,6,3,4,5,4,4,5,4,4,4,3,4,4,4,4
421,136,29,80,5,4,6,4,4,4,5,4,4,6,5,4,4,3,5,4,5,4
422,137,29,79,5,4,4,4,4,4,6,5,3,5,5,4,5,4,5,4,4,4
423,138,29,77,4,4,4,5,3,4,6,4,3,7,4,4,6,3,4,4,4,4
424,139,29,75,4,4,4,4,3,4,5,3,4,5,4,4,3,5,4,4,6,5
425,140,29,74,4,4,4,5,3,4,7,4,3,5,4,4,4,3,3,4,5,4
426,141,29,78,4,4,4,4,3,4,5,3,4,6,4,4,6,5,4,4,4,6
427,142,29,74,4,5,4,4,3,4,6,4,4,5,4,4,4,3,4,4,4,4
428,143,29,78,5,4,4,4,4,4,7,4,5,5,4,4,4,3,4,4,5,4
429,144,29,73,5,4,4,5,3,4,5,4,3,5,4,4,4,3,4,4,4,4
430,145,29,75,5,4,4,4,4,4,5,4,5,5,4,4,4,3,4,4,4,4
431,146,29,74,5,4,5,4,2,4,5,4,4,5,5,4,4,3,4,4,4,4
432,147,29,76,4,4,5,5,3,4,6,4,4,5,4,6,4,3,4,4,4,3
433,148,29,76,6,4,4,5,4,4,5,3,4,5,4,4,4,3,4,5,4,4
434,149,29,75,4,5,5,4,3,4,5,4,4,5,4,4,4,3,4,4,5,4
435,150,29,73,4,5,4,4,3,4,5,4,4,5,4,4,6,3,3,4,4,3
436,151,30,78,4,4,6,4,2,4,5,4,6,5,4,6,5,3,4,4,4,4
437,152,30,74,3,5,6,4,3,4,5,4,3,6,4,4,4,4,4,3,4,4
438,153,30,76,5,4,4,4,3,4,5,4,5,5,4,4,4,4,4,6,4,3
439,154,30,77,6,4,4,4,3,4,5,4,4,5,4,4,4,3,6,4,5,4
440,155,30,72,3,4,4,4,3,4,5,3,5,5,4,4,4,3,4,5,3,5
441,156,30,77,4,4,4,4,3,4,5,4,4,5,6,6,4,3,4,4,4,5
442,157,30,83,4,5,4,6,3,4,5,4,4,6,4,4,6,5,4,4,5,6
443,158,30,72,4,4,4,4,3,4,5,4,4,5,4,4,4,3,4,4,4,4
444,159,30,80,5,6,5,4,3,4,5,4,4,6,4,6,5,3,4,4,4,4
445,160,30,77,4,4,4,4,3,4,6,6,4,5,4,4,4,3,4,6,4,4
446,161,30,69,3,4,4,4,4,4,4,3,4,5,3,4,4,3,4,4,4,4
447,162,30,73,4,4,5,4,3,4,5,4,4,5,4,4,4,3,3,4,4,5
448,163,30,74,4,4,4,6,3,4,5,4,3,5,4,4,4,3,4,4,5,4
449,164,30,78,4,4,4,4,4,4,7,3,5,5,4,4,5,3,5,4,4,5
450,165,30,78,4,4,6,4,5,4,5,6,4,5,4,4,4,3,5,4,3,4
451,151,31,74,4,6,4,4,3,4,5,4,4,5,4,4,4,3,4,4,4,4
452,152,31,82,4,6,4,4,4,6,5,4,4,4,4,5,4,3,6,5,6,4
453,153,31,79,5,4,6,4,3,4,5,4,4,5,5,5,4,3,4,6,5,3
454,154,31,75,5,6,4,4,3,4,5,4,3,5,4,4,3,3,5,4,5,4
455,155,31,71,4,4,4,4,3,4,5,4,3,5,5,4,4,3,4,3,4,4
456,156,31,76,4,4,4,5,5,4,4,4,5,4,4,4,4,5,3,5,4,4
457,157,31,77,4,5,4,4,3,5,5,5,4,5,4,4,4,4,4,5,4,4
458,158,31,78,4,6,4,4,3,4,5,4,4,6,5,4,4,3,4,6,4,4
459,159,31,77,6,4,4,4,3,4,5,4,4,5,4,4,6,4,4,4,4,4
460,160,31,73,4,5,4,4,3,4,5,4,4,5,4,4,4,3,4,4,4,4
461,161,31,75,4,4,4,4,4,5,5,4,4,5,5,4,3,5,3,4,4,4
462,162,31,73,4,4,4,4,3,4,7,4,3,4,4,4,4,3,5,5,4,3
463,163,31,79,6,4,4,4,3,6,6,4,4,5,3,4,6,3,4,6,3,4
464,164,31,77,5,5,4,4,3,4,5,4,4,5,4,4,4,5,5,4,4,4
465,165,31,74,4,4,3,5,3,4,5,4,4,5,4,6,4,3,4,4,3,5
466,151,32,76,4,5,4,4,4,4,5,5,4,5,4,4,5,3,4,4,4,4
467,152,32,76,4,4,6,4,3,4,5,4,5,5,5,4,4,3,4,4,4,4
468,153,32,73,4,4,4,5,3,4,5,3,4,4,6,4,4,3,4,4,4,4
469,154,32,75,4,3,4,4,3,4,5,4,4,5,4,4,6,3,4,4,4,6
470,155,32,76,4,3,4,4,3,4,6,4,4,6,6,4,4,3,4,5,4,4
471,156,32,74,4,4,4,4,3,4,5,4,4,5,5,4,5,3,4,4,4,4
472,157,32,81,4,6,6,6,3,5,5,3,5,4,4,5,4,3,6,4,4,4
473,158,32,75,4,4,4,4,2,4,6,4,4,5,4,5,4,5,4,4,4,4
474,159,32,74,4,4,4,4,3,4,5,4,4,5,4,5,4,2,4,4,6,4
475,160,32,72,4,3,3,4,3,4,5,4,4,5,4,4,5,3,4,5,4,4
476,161,32,70,5,4,4,4,3,4,4,4,3,5,4,3,4,2,4,4,4,5
477,162,32,78,5,4,6,4,3,4,5,4,4,5,6,4,4,3,4,4,4,5
478,163,32,75,6,4,4,4,3,6,5,4,3,5,4,4,4,3,4,4,4,4
479,164,32,75,6,6,4,4,3,4,6,4,4,4,4,4,4,3,4,4,4,3
480,165,32,78,4,4,4,3,3,4,5,4,4,5,6,5,4,5,6,4,4,4
481,166,33,77,4,4,5,4,4,6,5,4,4,5,4,4,4,3,4,4,4,5
482,167,33,78,4,4,4,4,3,4,5,4,4,5,6,6,4,3,4,6,4,4
483,168,33,74,3,6,4,4,3,4,5,3,4,5,4,4,4,3,5,4,5,4
484,169,33,70,3,4,4,3,3,4,4,4,5,4,3,4,5,3,5,4,4,4
485,170,33,78,4,4,5,5,3,4,7,5,4,5,4,4,4,3,4,4,4,5
486,171,33,77,5,4,4,4,3,4,5,4,4,5,4,4,4,4,6,4,5,4
487,172,33,77,4,4,4,5,3,6,5,4,4,5,5,5,4,3,4,4,4,4
488,173,33,75,4,4,4,3,3,4,5,5,5,6,4,4,4,3,4,4,5,4
489,174,33,80,4,4,4,4,3,5,5,4,4,7,4,4,6,4,4,4,4,6
490,175,33,72,4,3,4,3,3,4,5,4,4,5,4,5,4,3,4,4,4,5
491,176,33,77,4,4,4,3,3,4,7,3,4,5,5,6,4,3,4,4,6,4
492,177,33,84,5,4,6,4,3,4,6,4,6,5,4,4,5,5,4,6,4,5
493,178,33,71,4,4,5,4,3,4,5,4,4,4,3,4,3,3,4,4,4,5
494,179,33,73,4,4,4,4,5,5,5,3,4,5,5,4,4,3,4,3,3,4
495,180,33,79,3,6,3,4,3,4,5,4,4,5,4,6,4,4,5,4,5,6
496,166,34,77,4,5,4,4,3,3,5,6,4,4,5,5,4,4,3,4,4,6
497,167,34,77,4,5,4,5,5,4,5,4,4,5,4,4,3,4,4,4,3,6
498,168,34,73,6,4,4,4,3,3,5,4,4,5,4,4,4,3,4,4,4,4
499,169,34,73,4,4,4,3,3,4,5,4,4,5,4,4,6,3,5,4,3,4
500,170,34,80,6,6,4,4,3,4,5,6,5,5,4,4,4,3,4,4,5,4
501,171,34,72,4,4,4,5,3,6,5,3,4,5,4,3,4,3,4,4,3,4
502,172,34,75,4,4,4,4,3,4,5,4,4,6,4,4,4,5,5,4,3,4
503,173,34,74,4,4,4,5,3,4,4,6,4,5,4,4,4,3,5,4,4,3
504,174,34,77,4,3,4,5,5,4,5,5,4,5,5,4,4,4,5,3,4,4
505,175,34,74,4,4,4,5,4,4,7,4,4,4,4,4,4,3,4,4,3,4
506,176,34,78,4,4,4,4,4,6,5,4,4,5,4,4,4,4,4,4,4,6
507,177,34,77,4,4,6,4,3,4,5,4,6,5,4,4,4,3,4,4,4,5
508,178,34,76,4,4,6,4,3,4,6,4,5,5,3,4,5,3,4,4,4,4
509,179,34,79,6,4,5,6,3,3,5,4,4,5,4,4,4,4,4,4,4,6
510,180,34,72,4,4,4,4,3,4,5,4,3,5,3,4,4,3,5,5,4,4
511,166,35,77,6,5,4,4,3,4,5,4,4,5,5,4,4,4,4,4,4,4
512,167,35,70,4,4,4,4,3,4,5,3,3,5,4,4,4,3,4,4,4,4
513,168,35,80,5,5,3,4,3,4,6,6,4,5,4,5,4,3,6,5,4,4
514,169,35,72,6,4,4,4,2,4,5,3,3,5,4,4,4,3,4,6,3,4
515,170,35,76,4,4,3,4,3,4,5,4,3,4,5,5,4,5,4,4,5,6
516,171,35,74,4,4,4,6,3,4,5,4,4,4,4,4,5,3,4,4,4,4
517,172,35,74,4,4,4,4,5,4,5,4,4,5,4,4,4,3,4,4,4,4
518,173,35,70,3,4,4,4,3,4,5,3,4,5,5,3,4,3,4,3,5,4
519,174,35,79,4,5,4,4,3,6,5,6,4,5,4,5,4,5,4,5,3,3
520,175,35,76,4,4,4,4,3,4,5,4,4,5,5,3,5,3,3,4,6,6
521,176,35,75,4,4,4,5,4,4,5,4,4,5,5,4,4,3,4,4,4,4
522,177,35,75,4,4,3,6,3,5,5,4,4,5,4,5,4,3,4,4,4,4
523,178,35,77,5,4,4,4,3,4,5,4,4,5,5,5,4,3,5,4,5,4
524,179,35,76,4,4,4,4,3,5,5,4,5,5,4,4,4,3,6,4,4,4
525,180,35,72,4,4,4,4,3,4,4,4,4,6,4,4,4,3,4,4,4,4
526,166,36,76,5,4,6,3,3,4,5,4,5,5,4,4,4,3,4,3,4,6
527,167,36,75,4,4,4,4,4,4,5,3,6,5,4,4,4,3,4,4,5,4
528,168,36,72,4,4,3,4,3,4,5,4,4,5,4,4,4,3,4,4,5,4
529,169,36,78,4,4,5,4,3,4,6,4,4,5,4,6,4,3,4,4,5,5
530,170,36,77,4,4,4,6,5,4,5,4,4,5,4,4,6,3,4,4,3,4
531,171,36,73,4,4,3,5,3,3,5,4,4,5,4,4,4,3,6,4,4,4
532,172,36,78,4,4,4,4,4,4,6,5,5,4,4,6,4,4,4,4,3,5
533,173,36,77,4,4,3,4,5,4,5,4,4,4,4,5,6,4,4,4,4,5
534,174,36,70,4,4,3,4,3,4,5,3,4,5,4,4,4,3,4,4,4,4
535,175,36,74,4,4,6,4,3,3,6,4,6,5,3,4,4,3,4,4,4,3
536,176,36,72,4,5,4,6,3,4,5,4,4,5,3,3,3,3,4,4,4,4
537,177,36,78,4,4,6,4,3,4,5,4,4,5,5,4,4,3,4,5,6,4
538,178,36,77,6,4,4,6,3,4,5,4,4,5,3,4,4,5,4,4,4,4
539,179,36,77,3,4,4,6,3,4,7,4,4,5,5,6,4,3,4,4,3,4
540,180,36,79,4,4,6,4,3,5,5,4,4,5,4,6,4,5,4,4,4,4
541,181,37,77,4,4,4,4,4,5,5,4,4,3,5,6,4,4,5,4,4,4
542,182,37,74,6,4,4,4,4,4,3,4,4,4,5,4,4,5,3,4,4,4
543,183,37,78,4,4,4,5,4,4,5,4,4,5,7,3,4,6,3,4,4,4
544,184,37,75,4,6,4,5,4,4,3,4,4,4,5,3,5,5,3,5,3,4
545,185,37,70,4,4,4,5,4,4,2,4,3,4,5,4,4,4,3,4,4,4
546,186,37,79,5,6,4,5,4,3,3,4,5,4,5,4,4,6,4,4,5,4
547,187,37,75,6,4,4,5,4,4,3,4,4,4,6,4,4,4,3,4,4,4
548,188,37,74,4,4,4,4,4,4,3,4,3,4,5,4,4,4,4,4,6,5
549,189,37,72,4,4,4,5,4,4,3,4,4,4,5,4,4,4,3,5,4,3
550,190,37,72,3,4,4,5,4,4,3,4,3,4,5,6,4,4,3,4,4,4
551,191,37,78,6,3,5,5,5,4,3,6,4,4,6,3,4,5,3,4,4,4
552,192,37,77,4,4,4,5,4,3,5,4,4,4,5,6,4,6,3,4,4,4
553,193,37,71,5,3,5,5,4,4,3,4,5,3,4,4,4,4,3,4,3,4
554,194,37,69,4,4,4,5,4,4,3,4,3,4,5,4,4,3,2,4,4,4
555,195,37,72,4,4,4,5,4,3,3,4,6,4,5,4,4,4,3,3,4,4
556,181,38,74,4,6,4,5,4,4,3,3,4,4,5,5,4,4,3,4,4,4
557,182,38,80,4,5,6,5,3,6,3,4,4,5,5,5,4,5,3,4,5,4
558,183,38,82,4,4,6,5,4,5,3,5,4,4,6,5,4,4,5,6,4,4
559,184,38,77,4,4,4,5,4,3,5,4,5,4,5,4,5,4,4,4,5,4
560,185,38,77,4,6,5,5,4,4,3,4,4,4,5,4,3,6,3,5,4,4
561,186,38,77,4,4,4,5,5,4,3,5,4,6,5,4,4,5,4,4,4,3
562,187,38,74,4,4,4,6,4,4,3,4,5,4,5,4,4,4,3,3,4,5
563,188,38,74,4,4,4,5,4,4,4,4,5,4,5,4,4,4,3,4,4,4
564,189,38,76,4,4,6,5,4,4,4,5,4,4,5,4,5,4,3,4,3,4
565,190,38,80,6,5,4,5,4,5,4,4,4,4,5,4,5,4,5,4,4,4
566,191,38,74,4,4,4,5,4,4,5,4,4,4,7,4,4,3,3,4,3,4
567,192,38,74,4,4,4,5,4,4,3,4,6,4,5,4,4,4,3,4,4,4
568,193,38,78,4,6,4,5,4,5,4,4,4,4,5,4,4,4,3,4,6,4
569,194,38,70,3,4,4,4,4,3,3,4,4,3,5,6,4,4,3,4,4,4
570,195,38,73,4,4,4,5,4,4,3,4,4,4,5,4,4,4,3,4,5,4
571,181,39,68,4,4,4,4,4,4,3,4,4,4,5,4,4,4,2,4,3,3
572,182,39,75,4,4,6,5,4,5,2,4,4,5,5,4,4,4,3,4,4,4
573,183,39,74,4,4,4,5,4,4,3,4,4,4,5,4,4,4,4,4,5,4
574,184,39,81,3,4,5,6,4,4,3,5,5,6,7,4,4,4,4,4,5,4
575,185,39,71,4,6,4,4,4,3,4,4,3,4,4,3,5,4,3,4,4,4
576,186,39,76,4,4,4,5,4,4,3,4,6,4,5,3,4,6,4,4,4,4
577,187,39,82,4,6,4,5,6,4,3,4,4,4,5,6,5,4,3,6,4,5
578,188,39,72,4,5,3,5,6,3,3,3,4,4,5,4,4,4,4,4,3,4
579,189,39,74,4,4,4,5,4,4,3,4,3,4,6,4,4,4,4,3,4,6
580,190,39,75,4,4,4,6,4,4,3,6,4,4,5,4,3,4,3,6,3,4
581,191,39,78,6,5,4,6,4,4,4,4,5,4,5,4,4,4,3,4,4,4
582,192,39,76,3,4,6,5,4,4,3,4,6,4,4,4,4,3,4,4,6,4
583,193,39,75,4,4,4,5,5,4,5,5,4,4,5,4,4,3,3,4,4,4
584,194,39,76,5,4,6,5,4,4,3,4,4,4,7,4,3,4,4,4,3,4
585,195,39,79,4,4,5,5,4,4,3,6,6,4,7,3,4,4,3,4,5,4
586,196,40,77,3,4,3,5,4,6,3,4,4,4,5,6,5,6,4,3,3,5
587,197,40,77,4,4,5,5,6,4,4,4,4,4,5,3,4,6,3,4,4,4
588,198,40,79,4,6,5,5,4,4,3,4,4,6,5,4,4,4,5,4,4,4
589,199,40,81,4,6,4,6,4,4,5,4,4,4,5,6,4,4,3,4,4,6
590,200,40,79,4,4,5,5,4,3,3,4,3,4,5,6,4,6,4,5,4,6
591,201,40,77,4,4,4,5,4,4,3,5,6,4,5,5,4,4,3,4,5,4
592,202,40,76,4,4,4,5,5,3,3,4,4,4,5,4,4,6,3,6,4,4
593,203,40,79,4,4,6,5,4,4,3,6,4,4,5,4,5,4,3,5,4,5
594,204,40,75,5,4,4,5,4,4,3,4,4,4,5,4,4,4,4,4,5,4
595,205,40,77,4,5,4,5,4,4,3,4,4,5,5,5,4,4,5,4,4,4
596,206,40,79,4,4,6,5,5,4,3,4,4,4,5,4,4,4,5,6,4,4
597,207,40,74,3,6,3,5,4,4,3,4,4,5,6,4,4,4,3,4,4,4
598,208,40,76,5,4,4,4,4,4,3,4,4,4,6,6,4,3,3,4,5,5
599,209,40,73,4,4,4,5,4,4,3,5,4,4,4,4,4,4,3,4,3,6
600,210,40,78,5,4,4,5,5,4,3,4,4,6,5,4,4,4,3,4,4,6
601,196,41,74,4,3,4,6,4,3,3,5,4,4,5,4,4,4,3,6,4,4
602,197,41,74,4,6,5,5,4,5,3,4,4,4,4,4,4,4,3,3,4,4
603,198,41,74,4,5,4,5,4,4,4,4,5,4,4,4,4,4,3,4,4,4
604,199,41,78,6,4,4,6,6,4,3,4,4,3,5,6,4,4,3,4,4,4
605,200,41,72,4,4,4,4,5,4,3,4,3,4,5,4,4,5,3,4,4,4
606,201,41,76,4,4,4,5,4,4,3,3,4,4,5,6,4,6,4,4,4,4
607,202,41,75,4,4,4,5,5,4,5,4,4,3,5,4,4,4,4,4,4,4
608,203,41,77,4,4,4,6,5,5,3,5,4,4,5,5,4,4,3,4,4,4
609,204,41,77,6,4,5,5,4,4,4,3,4,3,5,6,4,4,3,4,6,3
610,205,41,80,4,5,4,6,5,5,3,4,5,6,5,4,4,4,3,4,4,5
611,206,41,76,4,4,4,5,4,4,3,4,5,4,5,4,6,4,4,4,4,4
612,207,41,77,6,4,4,6,4,5,2,4,4,4,6,4,4,4,4,4,4,4
613,208,41,74,3,4,4,5,4,4,2,5,4,4,5,4,4,4,3,5,4,6
614,209,41,73,4,3,4,5,4,4,4,3,4,5,5,4,4,4,3,5,4,4
615,210,41,76,3,4,4,5,4,4,5,4,4,4,5,5,4,4,3,4,6,4
616,196,42,80,4,3,6,5,4,5,3,5,5,4,5,5,4,5,4,5,4,4
617,197,42,77,4,4,4,5,3,4,5,4,4,5,4,4,3,6,5,4,6,3
618,198,42,77,4,5,4,5,4,4,3,3,4,4,5,4,5,4,4,6,5,4
619,199,42,77,4,4,4,5,4,4,4,4,4,4,5,5,4,4,3,4,5,6
620,200,42,74,4,4,3,5,5,4,4,4,5,4,5,4,4,4,3,4,4,4
621,201,42,72,4,4,3,5,4,4,3,4,4,6,4,4,4,4,3,4,4,4
622,202,42,73,5,4,4,5,4,4,3,4,4,4,5,3,6,4,3,4,4,3
623,203,42,72,4,5,4,6,3,4,3,4,3,4,5,4,4,4,3,4,4,4
624,204,42,74,6,4,5,5,4,4,3,3,4,4,5,4,4,4,3,4,4,4
625,205,42,77,4,4,4,5,5,4,3,4,4,4,5,4,6,5,4,4,4,4
626,206,42,75,4,4,3,5,4,4,4,4,4,4,4,4,5,4,3,5,4,6
627,207,42,77,4,3,4,5,4,4,5,5,4,4,6,4,4,5,3,4,5,4
628,208,42,78,4,4,4,5,5,4,5,4,4,4,5,4,4,5,3,4,6,4
629,209,42,80,4,6,4,6,4,4,4,4,4,6,5,4,4,4,3,4,4,6
630,210,42,77,4,3,4,5,4,5,4,4,4,4,5,6,5,4,3,6,3,4
631,196,43,73,4,3,4,4,3,4,3,4,4,4,5,5,3,4,4,4,6,5
632,197,43,72,4,4,4,5,4,4,4,4,4,4,5,4,4,3,4,4,4,3
633,198,43,74,5,4,4,5,4,4,3,4,5,4,5,4,4,4,3,4,4,4
634,199,43,72,4,4,4,5,4,4,3,4,4,4,5,4,4,4,3,4,4,4
635,200,43,80,4,4,3,5,4,4,4,4,5,5,5,4,5,6,4,4,4,6
636,201,43,77,4,4,4,5,3,6,3,4,4,4,5,4,5,6,4,4,4,4
637,202,43,78,4,5,6,4,4,4,3,6,4,4,5,4,4,4,5,4,4,4
638,203,43,76,4,4,6,5,4,6,3,4,4,4,5,4,4,4,3,4,4,4
639,204,43,72,5,4,4,5,3,4,3,4,4,4,5,4,4,4,3,4,4,4
640,205,43,78,4,5,5,5,4,4,5,4,4,4,5,4,5,4,3,4,5,4
641,206,43,76,4,4,4,6,4,4,4,4,3,5,5,4,6,4,3,4,4,4
642,207,43,73,4,4,4,6,3,4,3,4,4,4,4,4,6,4,5,4,3,3
643,208,43,75,4,4,5,5,6,4,3,4,4,4,5,4,4,4,3,4,4,4
644,209,43,71,4,4,4,5,4,4,5,4,4,3,4,4,4,3,3,4,4,4
645,210,43,75,4,4,5,5,4,4,3,4,4,4,5,4,5,5,3,4,4,4
646,211,44,73,4,4,4,5,6,4,3,4,4,4,5,4,3,4,3,4,4,4
647,212,44,74,4,4,4,5,4,4,3,5,3,4,5,4,3,6,3,4,4,5
648,213,44,81,4,4,5,5,4,6,3,4,4,6,5,4,4,4,5,4,4,6
649,214,44,78,5,6,4,6,4,4,4,5,4,5,4,4,3,4,3,4,4,5
650,215,44,72,4,4,5,5,4,4,3,4,4,4,5,4,4,4,3,4,4,3
651,216,44,73,4,6,4,5,4,4,3,4,3,4,5,4,4,4,2,5,4,4
652,217,44,74,4,4,5,5,3,4,4,3,4,4,5,4,4,4,3,6,4,4
653,218,44,77,4,4,4,5,4,4,2,4,4,6,5,6,4,4,4,4,4,5
654,219,44,72,4,4,5,5,4,4,3,4,4,4,4,4,4,3,4,4,4,4
655,220,44,70,4,4,4,5,4,4,3,3,4,4,5,4,3,4,3,4,4,4
656,221,44,78,5,4,4,7,4,4,3,4,4,4,7,4,3,6,3,4,4,4
657,222,44,75,4,6,6,5,4,5,2,4,4,4,5,4,3,4,3,4,4,4
658,223,44,76,3,4,5,5,4,5,3,4,4,6,5,4,4,4,3,4,6,3
659,224,44,77,4,4,4,5,4,4,3,4,4,4,5,4,4,4,3,5,6,6
660,225,44,76,4,4,4,4,5,5,5,4,5,4,5,3,4,5,3,4,4,4
661,211,45,75,4,6,4,4,4,4,3,4,4,4,6,4,4,4,3,4,5,4
662,212,45,72,4,4,4,5,4,4,3,4,3,3,5,4,4,5,3,4,5,4
663,213,45,75,6,4,4,6,4,4,3,4,4,4,5,4,4,4,3,4,4,4
664,214,45,79,4,6,4,5,4,4,4,4,5,6,5,4,4,4,3,5,4,4
665,215,45,77,5,5,6,5,4,3,3,5,4,4,5,4,4,4,3,5,4,4
666,216,45,76,5,4,4,7,4,4,3,4,5,4,4,4,4,4,3,4,5,4
667,217,45,74,4,4,4,6,4,5,3,3,5,4,5,3,4,4,3,4,4,5
668,218,45,77,4,4,4,5,4,4,3,4,4,4,5,5,4,6,4,5,4,4
669,219,45,74,4,4,4,5,4,4,3,4,6,4,5,4,4,4,3,4,4,4
670,220,45,71,4,4,4,5,4,4,4,4,3,4,5,4,4,4,2,4,4,4
671,221,45,79,4,4,4,6,5,5,2,4,5,4,7,5,4,4,4,4,4,4
672,222,45,76,6,4,4,5,3,4,5,6,4,4,5,4,3,4,2,4,5,4
673,223,45,74,4,4,4,5,5,4,3,4,3,5,5,4,4,4,4,4,4,4
674,224,45,78,5,4,6,5,4,4,5,5,4,4,4,4,4,4,4,4,4,4
675,225,45,72,4,4,5,5,4,3,3,3,4,5,4,5,4,4,3,4,4,4
